2012	11	AE	27.04699079
2012	11	AL	-4.75643193
2012	11	AR	-302.3277459
2012	11	AT	4764.91589431
2012	11	AU	17672.5893313
2012	11	AZ	-4.59
2012	11	BA	-139.49164254
2012	11	BD	-15.40057808
2012	11	BE	-171.5028684
2012	11	BG	-1433.00212537
2012	11	BM	21.87407407
2012	11	BR	-2394.82008231
2012	11	BY	-2876.90866707
2012	11	CA	-18845.2055269
2012	11	CH	1629.36436144
2012	11	CL	-331.03879767
2012	11	CM	-2117.0386654
2012	11	CN	941.91512983
2012	11	CO	-203.26208336
2012	11	CR	29.3639655
2012	11	CY	-13.3
2012	11	CZ	673.92858902
2012	11	DE	1637.08654166
2012	11	DK	806.84829665
2012	11	DO	8.1782
2012	11	DZ	-1.6033
2012	11	EC	-8000.9118311
2012	11	EE	-288.13113061
2012	11	EG	-57.02904734
2012	11	ES	-4567.63482676
2012	11	FI	1732.99483386
2012	11	FR	2013.23303206
2012	11	GB	13260.5901951
2012	11	GE	-0.04722828
2012	11	GR	-531.24831291
2012	11	HK	-114122.563292
2012	11	HR	87.52325945
2012	11	HU	-306.21225412
2012	11	ID	7.21242239
2012	11	IE	3717.50630107
2012	11	IL	-118.55256721
2012	11	IM	144.03693567
2012	11	IN	-520.89955228
2012	11	IS	32.36168778
2012	11	IT	-1405.73754218
2012	11	JM	-11.51637797
2012	11	JP	23506.3983144
2012	11	KG	-1.524
2012	11	KH	7.9512
2012	11	KR	841.10508796
2012	11	KZ	92.80159661
2012	11	LB	31.00739793
2012	11	LT	-532.07195345
2012	11	LU	-146.74745209
2012	11	LV	158.1950126
2012	11	MA	-10.14137017
2012	11	MD	-41.89040741
2012	11	ME	-0.429
2012	11	MK	-1.0
2012	11	MO	16.4286
2012	11	MT	48.69372166
2012	11	MX	-184.54399621
2012	11	MY	-43.97869643
2012	11	NI	7.65662002
2012	11	NL	-3591.25767149
2012	11	NO	2953.10290473
2012	11	NZ	1311.0900517
2012	11	OM	-9.47800626
2012	11	PA	69405.5031373
2012	11	PE	-1.16544824
2012	11	PH	4839.85320236
2012	11	PL	-547.28020988
2012	11	PR	148.0471267
2012	11	PT	-82.62363502
2012	11	QA	-69.87269077
2012	11	RO	-5227.47272574
2012	11	RS	-3749.47336413
2012	11	RU	-20664.6968429
2012	11	SA	99.98178307
2012	11	SE	8806.48586863
2012	11	SG	-3703.36062159
2012	11	SI	-152.47595324
2012	11	SK	236.55588475
2012	11	SV	-11.5551532
2012	11	TH	57.46550714
2012	11	TN	-138.79480948
2012	11	TR	172.87947556
2012	11	TW	243.12190597
2012	11	UA	-9357.18757619
2012	11	US	18100.3928147
2012	11	VE	-187.14866285
2012	11	VI	19.0
2012	11	VN	-4197.41294788
2012	11	VU	100.84227843
2012	11	XX	31232.5997594
2012	11	ZA	-207.41362097
2012	12	AE	-141.76794425
2012	12	AL	-44.3158164
2012	12	AM	4.867
2012	12	AR	1734.12574702
2012	12	AT	559.19422556
2012	12	AU	56767.0142393
2012	12	BA	-166.82694972
2012	12	BB	-0.52827837
2012	12	BD	-3.50728395
2012	12	BE	893.56622685
2012	12	BG	-150.58172165
2012	12	BN	-2.982
2012	12	BR	-2046.10775802
2012	12	BY	-479.5654718
2012	12	BZ	0.50606834
2012	12	CA	-5062.73200262
2012	12	CH	-883.7386606
2012	12	CL	-32.71539149
2012	12	CM	-1241.85100157
2012	12	CN	-9848.19970006
2012	12	CO	1698.83362011
2012	12	CR	204.32988014
2012	12	CZ	189.76681029
2012	12	DE	363.218433571
2012	12	DK	-492.14411646
2012	12	EC	-3728.96780053
2012	12	EE	173.51754794
2012	12	EG	67.75054212
2012	12	ES	-443.45762245
2012	12	FI	1401.86864873
2012	12	FR	3760.32102423
2012	12	GB	20138.4195116
2012	12	GE	0.32008227
2012	12	GR	-176.72276286
2012	12	HK	-168466.301327
2012	12	HR	4838.76840249
2012	12	HU	-965.19250925
2012	12	ID	41.94879404
2012	12	IE	982.08355542
2012	12	IL	1305.77696857
2012	12	IM	60.0
2012	12	IN	1046.39768321
2012	12	IQ	1.13207547
2012	12	IS	-185.46041794
2012	12	IT	-1220.17512419
2012	12	JM	-90.10501422
2012	12	JO	-49.16424114
2012	12	JP	7590.6559153
2012	12	KH	241.63676946
2012	12	KR	1700.9833
2012	12	KZ	39.23451204
2012	12	LA	-194.15344386
2012	12	LB	58.38
2012	12	LI	29.5703
2012	12	LT	35.40537476
2012	12	LU	-556.02738779
2012	12	LV	-159.99407819
2012	12	MA	-4.24198145
2012	12	MD	17.82499655
2012	12	ME	0.381
2012	12	MK	-27.44537047
2012	12	MN	-2.68026855
2012	12	MO	-0.4921
2012	12	MT	17.63775591
2012	12	MX	523.15435292
2012	12	MY	138.56483782
2012	12	NL	1834.65302544
2012	12	NO	2936.58743119
2012	12	NP	16.566
2012	12	NZ	1858.16464237
2012	12	PA	109481.852927
2012	12	PH	9368.20965434
2012	12	PK	-447.82301162
2012	12	PL	-1098.91060202
2012	12	PR	164.45239787
2012	12	PT	63.40956817
2012	12	QA	6.0
2012	12	RE	113.4259872
2012	12	RO	-3300.90174014
2012	12	RS	-1232.0384763
2012	12	RU	-16775.5230699
2012	12	SA	18.73245507
2012	12	SE	11911.4346175
2012	12	SG	3048.33723085
2012	12	SI	1858.09650355
2012	12	SK	783.0112881
2012	12	SV	0.00570254
2012	12	TH	-1888.04805893
2012	12	TN	-96.3366
2012	12	TR	-49.62132251
2012	12	TW	-182.96521551
2012	12	UA	-3410.99893706
2012	12	US	13909.6331812
2012	12	UY	0.06024816
2012	12	VE	-334.1108831
2012	12	VI	21.127613
2012	12	VN	-3464.09964238
2012	12	VU	61.89499015
2012	12	XX	-34619.9883618
2012	12	ZA	-313.30019767
2013	01	AE	261.99749009
2013	01	AF	22.34900132
2013	01	AL	0.04057146
2013	01	AO	-5.0184078
2013	01	AR	-682.19334448
2013	01	AT	1604.47537117
2013	01	AU	63779.3020786
2013	01	AZ	-5.51853257
2013	01	BA	-1049.72421391
2013	01	BD	-0.40577472
2013	01	BE	1796.29601199
2013	01	BG	-5557.12466709
2013	01	BN	-128.1711
2013	01	BR	-3672.40552425
2013	01	BY	-932.91644383
2013	01	CA	-13895.8027293
2013	01	CH	-840.13267155
2013	01	CL	-294.11739551
2013	01	CM	-851.32750763
2013	01	CN	-15795.1126001
2013	01	CO	53.26399705
2013	01	CR	-22.59247426
2013	01	CY	529.55107531
2013	01	CZ	-469.7644723
2013	01	DE	-16490.9240774
2013	01	DK	252.08809896
2013	01	DO	-0.23
2013	01	EC	-3939.12581989
2013	01	EE	117.64797618
2013	01	EG	-58.12389051
2013	01	ES	-3260.24825438
2013	01	FI	1414.9225043
2013	01	FR	4013.33091658
2013	01	GB	31570.4544598
2013	01	GG	-0.01531927
2013	01	GR	5534.79522601
2013	01	HK	-226491.026105
2013	01	HR	-720.38156222
2013	01	HU	729.81100049
2013	01	ID	-532.90615716
2013	01	IE	1703.63309024
2013	01	IL	8004.98648596
2013	01	IN	-1152.25695975
2013	01	IR	-1.0
2013	01	IS	138.58656808
2013	01	IT	-3012.86912714
2013	01	JE	-4.0
2013	01	JM	-3.5964698
2013	01	JP	12905.9711484
2013	01	KE	47.85671015
2013	01	KG	82.50545316
2013	01	KH	-1468.29932775
2013	01	KR	691.12671478
2013	01	KZ	50.65767118
2013	01	LB	11.21474587
2013	01	LC	10.50319847
2013	01	LT	-197.01052917
2013	01	LU	-36.52123313
2013	01	LV	-1942.22911177
2013	01	MA	-4.57610807
2013	01	MD	-2832.3208188
2013	01	MG	30.0
2013	01	MK	-6.8755
2013	01	MN	-26.27982028
2013	01	MO	-25.56560761
2013	01	MT	47.0590542
2013	01	MU	-25.06
2013	01	MX	-582.42502178
2013	01	MY	-107.09889168
2013	01	NG	5.7254
2013	01	NL	-778.12332358
2013	01	NO	5176.54072339
2013	01	NP	13.9969281
2013	01	NZ	2822.30873904
2013	01	PA	135383.947706
2013	01	PE	115.10751445
2013	01	PH	4867.79366526
2013	01	PK	-234.49997761
2013	01	PL	6792.33755436
2013	01	PR	62.52172651
2013	01	PT	61.59955236
2013	01	QA	56.81515252
2013	01	RE	48.0
2013	01	RO	-7342.57143933
2013	01	RS	-1886.05216705
2013	01	RU	-17655.2763703
2013	01	SA	4.45233114
2013	01	SE	6345.91410437
2013	01	SG	60.0733204
2013	01	SI	-855.0764032
2013	01	SK	1484.95143231
2013	01	SV	-1.20118898
2013	01	TH	1256.50885517
2013	01	TN	-109.37765299
2013	01	TR	-453.38056723
2013	01	TW	-551.25820759
2013	01	UA	-7024.68887885
2013	01	US	53004.8569241
2013	01	UY	-2.4359
2013	01	VE	99.74524374
2013	01	VI	10.42127539
2013	01	VN	-7567.45123691
2013	01	XX	-1439.66688961
2013	01	YE	-64.34488161
2013	01	ZA	10.65388756
2013	02	AD	-0.20799872
2013	02	AE	-101.9682301
2013	02	AL	-44.81985797
2013	02	AR	-2069.86587728
2013	02	AT	1387.67072682
2013	02	AU	36276.3957362
2013	02	AZ	1.02266834
2013	02	BA	40.72716177
2013	02	BD	-3.52112565
2013	02	BE	1071.22832227
2013	02	BG	1346.30416327
2013	02	BM	-11.96
2013	02	BR	259.08728932
2013	02	BS	-4.16324
2013	02	BY	716.05704642
2013	02	CA	-16371.0494735
2013	02	CH	6068.4740247
2013	02	CL	106.87212084
2013	02	CM	-663.93434218
2013	02	CN	-5882.89416648
2013	02	CO	-51.26748808
2013	02	CR	-1717.75046418
2013	02	CY	70.53546
2013	02	CZ	694.96305343
2013	02	DE	-19358.9030298
2013	02	DK	207.76656527
2013	02	DZ	-0.79
2013	02	EC	29.66024427
2013	02	EE	-20.78407012
2013	02	EG	11.13451812
2013	02	ES	2614.79291473
2013	02	FI	1151.0871097
2013	02	FR	2145.10129427
2013	02	GB	30227.254238
2013	02	GE	-0.27512792
2013	02	GG	-0.01886522
2013	02	GI	23.13899698
2013	02	GL	-19.368
2013	02	GR	3140.15704711
2013	02	GU	6.0
2013	02	HK	-211767.202009
2013	02	HR	57.7975826
2013	02	HU	-540.29520808
2013	02	ID	-436.91213391
2013	02	IE	3803.49069055
2013	02	IL	11245.7228995
2013	02	IM	-63.05
2013	02	IN	-671.94832609
2013	02	IS	-153.5536
2013	02	IT	2563.04554333
2013	02	JE	-1.0
2013	02	JM	-0.21755201
2013	02	JO	0.3218712
2013	02	JP	83520.5586464
2013	02	KE	7.02159078
2013	02	KG	-10.96082852
2013	02	KH	-694.50837856
2013	02	KR	302.70827294
2013	02	KW	4.27054767
2013	02	KZ	-484.01646302
2013	02	LB	9.3839
2013	02	LT	-357.88872955
2013	02	LU	135.62647734
2013	02	LV	-918.67817838
2013	02	MA	-2.45230779
2013	02	MD	-21.34827522
2013	02	MG	30.0
2013	02	MK	18.28703
2013	02	MO	27.32640844
2013	02	MT	-5.45373938
2013	02	MX	224.58568228
2013	02	MY	15.36656769
2013	02	NI	0.08167769
2013	02	NL	1428.65079138
2013	02	NO	3206.267022
2013	02	NP	2.80537898
2013	02	NZ	-772.89496277
2013	02	PA	56974.7004974
2013	02	PE	68.54044104
2013	02	PH	2291.63578952
2013	02	PK	-33.956
2013	02	PL	1117.36465538
2013	02	PR	21.08218193
2013	02	PT	18.87901798
2013	02	QA	-5.6235
2013	02	RE	33.6
2013	02	RO	-4040.85766102
2013	02	RS	-701.65843162
2013	02	RU	-39099.0756006
2013	02	SA	313.76747613
2013	02	SE	10256.1019285
2013	02	SG	-353.37071678
2013	02	SI	-1413.86022821
2013	02	SK	840.68270784
2013	02	SV	-1.62
2013	02	TH	2924.51746499
2013	02	TN	-35.16105221
2013	02	TR	-49.14107525
2013	02	TW	237.40627774
2013	02	UA	-5974.23475013
2013	02	UG	-0.0054
2013	02	US	98758.4005096
2013	02	UY	-0.62500478
2013	02	VE	-151.71709482
2013	02	VN	-3655.79420394
2013	02	XX	-48905.8767372
2013	02	ZA	-406.92872482
2013	03	AD	327.15665162
2013	03	AE	447.21884473
2013	03	AF	10.4384
2013	03	AL	-46.61888107
2013	03	AO	1.0254
2013	03	AR	185.92232563
2013	03	AT	5376.7564011
2013	03	AU	53740.2002542
2013	03	AZ	9.69412338
2013	03	BA	-4.590962
2013	03	BE	2811.40480314
2013	03	BG	-1579.42739654
2013	03	BH	18.922
2013	03	BM	0.41493334
2013	03	BN	-11.7361269
2013	03	BR	756.59498341
2013	03	BS	-20.01028216
2013	03	BY	-718.1946418
2013	03	CA	2131.60855757
2013	03	CH	8734.62563577
2013	03	CL	-132.06130096
2013	03	CM	-521.16735379
2013	03	CN	30067.0722995
2013	03	CO	16.18000486
2013	03	CR	-20222.9066956
2013	03	CY	218.16934581
2013	03	CZ	2981.86799735
2013	03	DE	-4897.53381604
2013	03	DK	137.54446425
2013	03	DO	11.31802585
2013	03	DZ	-0.62365362
2013	03	EC	963.40589985
2013	03	EE	373.01559258
2013	03	EG	-29.77221643
2013	03	ES	6300.34535273
2013	03	FI	4042.46456958
2013	03	FR	5182.30924653
2013	03	GB	52477.7527633
2013	03	GE	-8.8989571
2013	03	GG	1775.05069196
2013	03	GH	0.96991798
2013	03	GI	80.74635949
2013	03	GL	30.0
2013	03	GR	2404.97276424
2013	03	GU	-65.0
2013	03	GY	-6.00422578
2013	03	HK	-377935.540599
2013	03	HR	186.30800372
2013	03	HU	-1421.72496498
2013	03	ID	-693.36133108
2013	03	IE	3899.7357142
2013	03	IL	8830.52562056
2013	03	IM	60.84037994
2013	03	IN	-378.89806268
2013	03	IQ	-25.24969577
2013	03	IR	-0.9995
2013	03	IS	-193.25953724
2013	03	IT	7120.29629195
2013	03	JE	-3.20613904
2013	03	JM	39.19795666
2013	03	JP	38128.2377164
2013	03	KE	-18.2072
2013	03	KG	208.38075367
2013	03	KH	105.37524195
2013	03	KN	-3.38142796
2013	03	KR	-247.50834468
2013	03	KW	24.28909658
2013	03	KZ	118.06374002
2013	03	LB	38.73181642
2013	03	LC	52.51625507
2013	03	LI	84.02056902
2013	03	LK	-0.05341256
2013	03	LT	-219.81377821
2013	03	LU	-214.8846315
2013	03	LV	400.07137405
2013	03	MA	-2.43777594
2013	03	MD	4.70896546
2013	03	ME	9.70535172
2013	03	MK	-32.82458175
2013	03	MN	-61.43228295
2013	03	MO	134.32106436
2013	03	MT	16.74396469
2013	03	MU	395.46642971
2013	03	MX	325.6593664
2013	03	MY	265.14998077
2013	03	NG	6.07851745
2013	03	NI	0.64061162
2013	03	NL	6335.45004645
2013	03	NO	3172.99899253
2013	03	NP	-32.228604
2013	03	NZ	-1191.08215953
2013	03	PA	19916.0757267
2013	03	PE	0.40809695
2013	03	PH	3575.36085466
2013	03	PK	-29.78920455
2013	03	PL	15201.8941236
2013	03	PR	51.01968845
2013	03	PT	-701.21163015
2013	03	QA	70.41729759
2013	03	RE	0.95955655
2013	03	RO	-1150.68096908
2013	03	RS	-699.01166422
2013	03	RU	2776.78416305
2013	03	RW	132.84632999
2013	03	SA	376.48434006
2013	03	SE	6300.02519586
2013	03	SG	3663.22347105
2013	03	SI	578.68704626
2013	03	SK	328.32345424
2013	03	SV	-2.731
2013	03	TH	2179.21536268
2013	03	TN	-24.6
2013	03	TR	142.17737646
2013	03	TW	479.90052038
2013	03	UA	-4492.35505208
2013	03	US	41067.0095833
2013	03	UY	30.83403859
2013	03	VC	0.06168
2013	03	VE	64.10642425
2013	03	VN	-3716.52215239
2013	03	XX	73528.9884578
2013	03	ZA	-275.84396057
2013	03	ZW	-10.09904762
2013	04	AD	682.84189669
2013	04	AE	247.26342041
2013	04	AF	2.950203
2013	04	AL	70.53839011
2013	04	AM	0.7134835
2013	04	AR	1002.35512667
2013	04	AT	6000.3915124
2013	04	AU	80583.1600426
2013	04	AW	30.87197615
2013	04	AX	0.23116465
2013	04	AZ	10.6264585
2013	04	BA	10.83979312
2013	04	BB	4.53261714
2013	04	BD	3.5796
2013	04	BE	14146.6187758
2013	04	BG	2070.26246783
2013	04	BH	157.38389821
2013	04	BJ	0.40198562
2013	04	BM	12.79071095
2013	04	BN	-2.605
2013	04	BO	-349.01077139
2013	04	BR	1327.31308779
2013	04	BS	-1.0
2013	04	BY	1917.55422322
2013	04	BZ	-1.31196518
2013	04	CA	11444.1565989
2013	04	CH	12216.1829436
2013	04	CL	-25.48164057
2013	04	CM	-295.70189488
2013	04	CN	29423.432665
2013	04	CO	3508.11534892
2013	04	CR	2912.0665346
2013	04	CY	-294.91828629
2013	04	CZ	6995.94403256
2013	04	DE	41545.3101591
2013	04	DK	2040.20502581
2013	04	DO	35.41889727
2013	04	DZ	-17.98497962
2013	04	EC	387.85061075
2013	04	EE	900.94292099
2013	04	EG	1.74386554
2013	04	ES	27870.3378616
2013	04	FI	18311.0294513
2013	04	FJ	3.63593704
2013	04	FR	18411.226738
2013	04	GB	82292.9159818
2013	04	GE	-3.17578194
2013	04	GG	62.42884338
2013	04	GH	14.9702
2013	04	GI	118.71153912
2013	04	GL	9.5024187
2013	04	GR	4401.00364284
2013	04	GT	254.31820378
2013	04	GU	19.8625
2013	04	GY	134.76530035
2013	04	HK	-868290.317197
2013	04	HR	1012.81474868
2013	04	HU	620.86144582
2013	04	ID	-35.75918287
2013	04	IE	2220.84196028
2013	04	IL	11773.5119483
2013	04	IM	149.87865115
2013	04	IN	525.99153624
2013	04	IQ	-12.03048632
2013	04	IR	0.34729824
2013	04	IS	-108.03938472
2013	04	IT	-275.68586407
2013	04	JE	390.24472975
2013	04	JM	86.72462753
2013	04	JO	148.68109448
2013	04	JP	67160.8507005
2013	04	KE	8.2105
2013	04	KG	-21.28962997
2013	04	KH	-532.3428514
2013	04	KN	5.55746079
2013	04	KR	1731.861476
2013	04	KW	138.79463756
2013	04	KY	10.024
2013	04	KZ	91.54433891
2013	04	LB	135.85649272
2013	04	LC	69.84761698
2013	04	LI	-30.25384214
2013	04	LK	123.51208739
2013	04	LT	165.76178077
2013	04	LU	-183.04272669
2013	04	LV	967.52383597
2013	04	MA	99.6310252
2013	04	MD	176.51314961
2013	04	ME	59.047544
2013	04	MK	80.39362822
2013	04	MN	-4.81379933
2013	04	MO	841.1930586
2013	04	MT	95.28235561
2013	04	MU	1520.92686559
2013	04	MV	2.58933121
2013	04	MW	2.0
2013	04	MX	201.33498319
2013	04	MY	199.96121015
2013	04	NA	-0.2
2013	04	NC	-7.74124414
2013	04	NG	1.95601866
2013	04	NI	2.09488367
2013	04	NL	30079.0024491
2013	04	NO	3162.53905101
2013	04	NP	20.69542886
2013	04	NZ	-1303.01317738
2013	04	OM	9.60775765
2013	04	PA	34753.3480814
2013	04	PE	93.74172264
2013	04	PF	46.79745163
2013	04	PH	5307.94470739
2013	04	PK	128.44596639
2013	04	PL	25307.2205389
2013	04	PR	43.75427088
2013	04	PT	515.94819192
2013	04	QA	499.53865833
2013	04	RE	21.25383941
2013	04	RO	1082.18882219
2013	04	RS	557.92169343
2013	04	RU	3102.58271181
2013	04	RW	-74.92048507
2013	04	SA	639.30147026
2013	04	SE	14039.565869
2013	04	SG	6524.75515
2013	04	SI	862.12985987
2013	04	SK	1886.82424483
2013	04	SN	-0.866905
2013	04	SV	0.35131746
2013	04	SY	0.15986509
2013	04	SZ	0.6631
2013	04	TH	3830.85911586
2013	04	TN	-5.09060682
2013	04	TO	12.28588234
2013	04	TR	2412.20794934
2013	04	TW	984.82696676
2013	04	UA	1824.85466938
2013	04	US	194326.95129
2013	04	UY	105.1342016
2013	04	UZ	-24.80079028
2013	04	VC	7.5045
2013	04	VE	129.94858762
2013	04	VN	394.76799232
2013	04	XX	76778.4336567
2013	04	ZA	-25.14907157
2013	04	ZW	11.02445594
2013	05	AD	249.37040489
2013	05	AE	-756.17486849
2013	05	AF	1.0
2013	05	AL	53.36132111
2013	05	AR	1572.92994904
2013	05	AT	2559.52601791
2013	05	AU	29368.0126646
2013	05	AW	-15.24093007
2013	05	BA	55.18203369
2013	05	BB	5.00092685
2013	05	BD	-0.48254985
2013	05	BE	-6457.31073278
2013	05	BG	-281.2272
2013	05	BH	4.83
2013	05	BJ	-354.46055626
2013	05	BM	15.1055548
2013	05	BN	-13.38
2013	05	BO	9.28250781
2013	05	BR	956.24005812
2013	05	BS	-96.7905461
2013	05	BY	-111.27513556
2013	05	BZ	1.69897439
2013	05	CA	-859.91829783
2013	05	CH	2838.81290612
2013	05	CL	93.68120476
2013	05	CM	-354.90696908
2013	05	CN	3264.74547406
2013	05	CO	664.49215605
2013	05	CR	1831.98578081
2013	05	CY	59.9946661
2013	05	CZ	-50.46847081
2013	05	DE	13203.371246
2013	05	DK	1010.04121992
2013	05	DM	3.24009067
2013	05	DO	-18.39320665
2013	05	DZ	-5.18538953
2013	05	EC	107.34952853
2013	05	EE	-28.12627983
2013	05	EG	18.19843278
2013	05	ES	11845.7083495
2013	05	FI	2733.47600392
2013	05	FJ	0.88605745
2013	05	FO	0.22
2013	05	FR	10026.5679361
2013	05	GB	16545.6053753
2013	05	GE	-0.20051628
2013	05	GI	3.7233
2013	05	GR	-426.02333483
2013	05	GT	101.17593348
2013	05	GU	0.0022
2013	05	HK	-227158.847975
2013	05	HR	-729.47565749
2013	05	HU	149.15610545
2013	05	ID	-410.98115647
2013	05	IE	1647.15362596
2013	05	IL	-88.34682081
2013	05	IM	112.35452173
2013	05	IN	32.08683331
2013	05	IQ	-1.12988202
2013	05	IR	0.03576417
2013	05	IS	191.76933603
2013	05	IT	1313.14836072
2013	05	JE	-1012.80666604
2013	05	JO	-26.03835541
2013	05	JP	14877.7328954
2013	05	KE	-110.12885059
2013	05	KG	-8.78020557
2013	05	KH	-321.03997711
2013	05	KR	598.27838243
2013	05	KW	78.56720871
2013	05	KY	5.0
2013	05	KZ	-16.76096022
2013	05	LA	-0.59585131
2013	05	LB	-19.52038082
2013	05	LC	-4.78717162
2013	05	LI	-4.226
2013	05	LK	-47.60751671
2013	05	LT	-96.84960637
2013	05	LU	234.60936899
2013	05	LV	-91.74947076
2013	05	MA	1.77636581
2013	05	MD	-11.59621207
2013	05	ME	13.34506238
2013	05	MG	206.97441212
2013	05	MK	-15.0463304
2013	05	MN	-11.25018722
2013	05	MO	2161.13432138
2013	05	MS	1.4994
2013	05	MT	-579.79421759
2013	05	MU	1287.60604806
2013	05	MV	-0.1306664
2013	05	MX	70.2168679
2013	05	MY	412.88151866
2013	05	NC	-7.95995991
2013	05	NI	9.0
2013	05	NL	9004.78041813
2013	05	NO	4610.89610034
2013	05	NP	-1.42923292
2013	05	NZ	1114.93910586
2013	05	OM	-9.94
2013	05	PA	29750.2311947
2013	05	PE	142.36708071
2013	05	PF	-159.2236974
2013	05	PH	2809.77174243
2013	05	PK	-119.98587923
2013	05	PL	11442.5453759
2013	05	PR	-115.51077305
2013	05	PT	185.56101068
2013	05	QA	-539.89189464
2013	05	RE	13.42614513
2013	05	RO	191.57261322
2013	05	RS	-394.03322259
2013	05	RU	25.4341071099
2013	05	SA	229.83765147
2013	05	SE	4775.36710786
2013	05	SG	-328.6771631
2013	05	SI	505.44563635
2013	05	SK	22.78164476
2013	05	SN	-0.884
2013	05	SV	-0.61659901
2013	05	SY	-0.1577575
2013	05	TH	-1040.71842692
2013	05	TN	-9.32627668
2013	05	TR	192.92651881
2013	05	TT	-3.26524866
2013	05	TW	-122.14752178
2013	05	UA	-2829.98029476
2013	05	US	36672.713559
2013	05	UY	24.95170935
2013	05	UZ	0.63128105
2013	05	VE	32.11212495
2013	05	VN	-1879.12533847
2013	05	XX	24972.1218375
2013	05	ZA	-1169.63025083
2013	06	AD	316.1418
2013	06	AE	203.60605697
2013	06	AR	284.57175888
2013	06	AT	3140.87753389
2013	06	AU	34555.9714906
2013	06	AW	42.25718066
2013	06	AZ	2.3616821
2013	06	BA	5.84770916
2013	06	BD	0.1
2013	06	BE	6535.65410293
2013	06	BG	50.56196286
2013	06	BM	6.0
2013	06	BN	94.0
2013	06	BO	-53.2744251
2013	06	BR	344.3202573
2013	06	BS	8.0
2013	06	BY	-278.02445049
2013	06	CA	2085.16579836
2013	06	CH	-763.79953408
2013	06	CL	32.57065705
2013	06	CM	5.25468175
2013	06	CN	15559.4965116
2013	06	CO	304.57120361
2013	06	CR	-23.19278845
2013	06	CY	171.06062416
2013	06	CZ	923.81507953
2013	06	DE	11110.3392058
2013	06	DK	4241.78247182
2013	06	DZ	0.856198
2013	06	EC	271.00247214
2013	06	EE	376.23708813
2013	06	EG	31.92827663
2013	06	ES	2950.18726701
2013	06	FI	927.53028268
2013	06	FR	3221.34990408
2013	06	GB	15508.8237442
2013	06	GE	0.03701042
2013	06	GI	-0.9039323
2013	06	GR	-2744.89990733
2013	06	GT	0.15
2013	06	HK	-173777.270307
2013	06	HR	26.3070768
2013	06	HU	20.77396906
2013	06	ID	8.73391677
2013	06	IE	1825.76940232
2013	06	IL	3333.18694687
2013	06	IM	1.41
2013	06	IN	607.76303418
2013	06	IR	1.12280365
2013	06	IS	3.12385098
2013	06	IT	-907.6630111
2013	06	JE	0.72438759
2013	06	JM	-0.00288033
2013	06	JO	78.37246456
2013	06	JP	27295.8294279
2013	06	KE	28.5174
2013	06	KG	9.9345435
2013	06	KH	7.0601878
2013	06	KN	144.41539
2013	06	KR	845.94616613
2013	06	KW	7.06
2013	06	KY	56.69712137
2013	06	KZ	607.08367736
2013	06	LB	14.15989101
2013	06	LC	-85.71575021
2013	06	LI	-10.0
2013	06	LK	50.0
2013	06	LT	480.06992981
2013	06	LU	174.4643984
2013	06	LV	292.10293995
2013	06	MA	3.16101046
2013	06	MD	145.35665504
2013	06	ME	-19.82853428
2013	06	MG	11.0
2013	06	MK	2.87449893
2013	06	MO	336.44025988
2013	06	MT	-283.55324062
2013	06	MU	-13.10386383
2013	06	MV	0.0361
2013	06	MX	6.54906933
2013	06	MY	770.85862519
2013	06	NA	-0.06
2013	06	NC	42.50382851
2013	06	NI	1.3495
2013	06	NL	7938.64942315
2013	06	NO	1747.86992695
2013	06	NP	7.61062918
2013	06	NZ	1063.04205413
2013	06	OM	10.0
2013	06	PA	28950.1600258
2013	06	PE	1.0537861
2013	06	PF	5.83745678
2013	06	PH	482.80244567
2013	06	PK	170.71725038
2013	06	PL	3987.97240997
2013	06	PR	18.48389114
2013	06	PT	839.11666312
2013	06	RE	20.07335616
2013	06	RO	-85.91932003
2013	06	RS	411.68153182
2013	06	RU	993.36380574
2013	06	SA	303.76852674
2013	06	SE	1956.97223599
2013	06	SG	498.45189225
2013	06	SI	-539.14832362
2013	06	SK	743.14952434
2013	06	SN	2.3745
2013	06	SV	-0.00614504
2013	06	SY	0.23074
2013	06	TH	985.84460637
2013	06	TN	2.80029627
2013	06	TR	47.56750317
2013	06	TW	848.10728396
2013	06	UA	1404.32276508
2013	06	US	-27722.7203107
2013	06	UY	-1.0409317
2013	06	UZ	0.1811
2013	06	VE	13.06002359
2013	06	VN	5.11369115
2013	06	XX	13175.6197643
2013	06	ZA	120.94006128
2013	07	AD	-290.13938519
2013	07	AE	441.63191911
2013	07	AF	-34.0
2013	07	AR	1720.02376848
2013	07	AT	-1274.12738395
2013	07	AU	26541.2634029
2013	07	AW	10.8596
2013	07	AX	5.6259
2013	07	AZ	-0.014
2013	07	BA	10.63170863
2013	07	BD	-0.97455305
2013	07	BE	1804.93214048
2013	07	BG	-1840.10860847
2013	07	BH	9.3875
2013	07	BM	-1.30861955
2013	07	BO	12.54079497
2013	07	BR	634.71166552
2013	07	BY	354.78023691
2013	07	CA	4223.42398716
2013	07	CH	427.13322555
2013	07	CL	32.01066936
2013	07	CM	-406.78871644
2013	07	CN	-10164.0926079
2013	07	CO	-18.35639275
2013	07	CR	77.868393
2013	07	CY	139.18182244
2013	07	CZ	56.86862582
2013	07	DE	12819.107545
2013	07	DK	-284.49188565
2013	07	DO	0.2
2013	07	DZ	-1.1941814
2013	07	EC	79.89714698
2013	07	EE	79.3165901
2013	07	EG	-194.5912018
2013	07	ES	11383.5052345
2013	07	FI	1004.1032524
2013	07	FR	3226.85288374
2013	07	GB	10637.6243898
2013	07	GG	-0.02
2013	07	GI	0.6
2013	07	GR	3265.50982462
2013	07	GT	0.05
2013	07	GY	-43.66080528
2013	07	HK	-225123.571055
2013	07	HN	-0.09237459
2013	07	HR	-153.00373149
2013	07	HU	188.18499971
2013	07	ID	-331.71362299
2013	07	IE	2834.02301217
2013	07	IL	-1037.25013068
2013	07	IM	389.21780815
2013	07	IN	-796.4504094
2013	07	IR	-2.2136057
2013	07	IS	-0.34
2013	07	IT	649.21381246
2013	07	JE	1527.73983156
2013	07	JM	-4.57373122
2013	07	JO	-0.61383097
2013	07	JP	35077.809798
2013	07	KH	-129.10934822
2013	07	KR	284.08001544
2013	07	KW	-9.46317064
2013	07	KY	-6.87987777
2013	07	KZ	-11.12579835
2013	07	LB	0.02733906
2013	07	LC	128.41464578
2013	07	LK	20.07214508
2013	07	LT	-321.747002
2013	07	LU	21.93071962
2013	07	LV	-31.23500657
2013	07	LY	0.04325731
2013	07	MA	111.16237582
2013	07	MD	69.53786541
2013	07	ME	40.0870978
2013	07	MK	-12.60546635
2013	07	MN	0.01
2013	07	MO	-657.07772783
2013	07	MT	339.80263903
2013	07	MU	1747.44197271
2013	07	MV	-0.3333
2013	07	MX	-16.80910016
2013	07	MY	552.54637034
2013	07	NC	-1.5186
2013	07	NG	-0.02
2013	07	NI	28.40009001
2013	07	NL	6767.15338213
2013	07	NO	1255.78406571
2013	07	NZ	248.71359507
2013	07	PA	9896.69858409
2013	07	PE	-94.44399288
2013	07	PF	3.17305903
2013	07	PH	-65.54390764
2013	07	PK	-161.70968341
2013	07	PL	14681.8715722
2013	07	PR	4.67751742
2013	07	PT	-71.0050347
2013	07	PY	-2.79967059
2013	07	QA	13.2698382
2013	07	RE	40.29902546
2013	07	RO	80.52169375
2013	07	RS	-200.96218557
2013	07	RU	-2462.74089017
2013	07	SA	23.76414961
2013	07	SE	1834.84181786
2013	07	SG	1557.88107964
2013	07	SI	641.72816191
2013	07	SK	-238.38992955
2013	07	TH	-669.45101085
2013	07	TN	-11.79487209
2013	07	TR	-58.46505557
2013	07	TW	-37.49709364
2013	07	UA	238.66194795
2013	07	US	17814.7238916
2013	07	UY	-196.05434161
2013	07	UZ	0.0128818
2013	07	VE	-21.97843515
2013	07	VN	-316.16261414
2013	07	XX	69709.0758716
2013	07	ZA	-11.62620867
2013	08	AD	100.0
2013	08	AE	114.90924791
2013	08	AF	-20.0
2013	08	AO	-1.1955476
2013	08	AR	-848.46596487
2013	08	AT	987.04562429
2013	08	AU	5204.40830428
2013	08	AW	-16.34810959
2013	08	BA	-0.48698425
2013	08	BD	-0.54018892
2013	08	BE	36.73201473
2013	08	BG	-162.07849338
2013	08	BH	-18.2559034
2013	08	BM	-18.9212397
2013	08	BO	-0.0798546
2013	08	BR	19.61266419
2013	08	BS	7.59
2013	08	BY	-149.26173801
2013	08	BZ	-1.9833984
2013	08	CA	1571.75117199
2013	08	CH	1934.74553496
2013	08	CL	6.85353565
2013	08	CM	-265.43260561
2013	08	CN	-5585.31929027
2013	08	CO	-44.17129512
2013	08	CR	74.57109904
2013	08	CY	100.7194694
2013	08	CZ	-547.81415194
2013	08	DE	15701.7775147
2013	08	DK	-115.98987659
2013	08	DO	-1.6873
2013	08	DZ	-11.40553872
2013	08	EC	-150.05365101
2013	08	EE	84.38115769
2013	08	EG	79.16508965
2013	08	ES	1933.95323754
2013	08	FI	363.69396209
2013	08	FR	1990.28507818
2013	08	GB	6996.74762212
2013	08	GE	-0.16
2013	08	GR	2018.32413748
2013	08	GY	-30.0
2013	08	HK	-189324.279054
2013	08	HR	397.29782022
2013	08	HU	152.72555869
2013	08	ID	288.77441432
2013	08	IE	-171.73453241
2013	08	IL	-898.5291661
2013	08	IM	470.30203029
2013	08	IN	-176.22112452
2013	08	IR	1.72142418
2013	08	IS	-0.31083208
2013	08	IT	2867.89487594
2013	08	JE	32.73370962
2013	08	JM	-13.1325062
2013	08	JO	-8.42829941
2013	08	JP	130616.495627
2013	08	KE	-8.697
2013	08	KH	147.75703402
2013	08	KR	-129.55532734
2013	08	KW	-1.02192477
2013	08	KY	-2.9372
2013	08	KZ	-5.18281816
2013	08	LB	-102.45885981
2013	08	LC	-20.0327965
2013	08	LI	9.50388571
2013	08	LK	-38.89715734
2013	08	LT	2.18355193
2013	08	LU	-251.30929117
2013	08	LV	-11.57984129
2013	08	LY	-0.39726797
2013	08	MA	-33.47581696
2013	08	MD	-0.45
2013	08	ME	1.27721407
2013	08	MK	-9.62660592
2013	08	MO	-2478.81852312
2013	08	MT	-380.08792376
2013	08	MU	112.74632536
2013	08	MV	-0.1126
2013	08	MX	-176.46021382
2013	08	MY	-143.89854209
2013	08	NA	0.25
2013	08	NC	-1.01035092
2013	08	NI	-6.409
2013	08	NL	-2983.11266232
2013	08	NO	2218.18388004
2013	08	NP	-1.6009654
2013	08	NZ	-19.10915532
2013	08	OM	-9.94
2013	08	PA	1004.84303172
2013	08	PE	-21.17208942
2013	08	PF	171.82766111
2013	08	PH	110.1535922
2013	08	PK	-66.71315656
2013	08	PL	1337.56866445
2013	08	PR	-21.12979111
2013	08	PT	476.37259544
2013	08	RE	15.6442714
2013	08	RO	-401.06647485
2013	08	RS	12.26882177
2013	08	RU	-2595.31583935
2013	08	SA	-230.58865231
2013	08	SE	2003.74481758
2013	08	SG	-893.85595127
2013	08	SI	306.9748425
2013	08	SK	140.94429768
2013	08	SN	-2.36
2013	08	TH	240.21499875
2013	08	TN	-29.22667877
2013	08	TR	507.81044719
2013	08	TW	-79.14355513
2013	08	UA	1607.30257273
2013	08	US	7624.10009086
2013	08	UY	-15.08160674
2013	08	UZ	-71.46355181
2013	08	VE	-17.75669249
2013	08	VN	283.09718585
2013	08	XX	17779.6306652
2013	08	ZA	-426.26984294
2013	09	AD	-90.37
2013	09	AE	-16.69901895
2013	09	AM	-0.29215128
2013	09	AR	554.64412081
2013	09	AT	-105.21725038
2013	09	AU	7718.54694314
2013	09	BA	-1.42471488
2013	09	BE	17.41253202
2013	09	BG	868.716107
2013	09	BM	9.66470464
2013	09	BO	-41.38106383
2013	09	BR	315.41750453
2013	09	BY	140.85860846
2013	09	CA	6246.04386325
2013	09	CH	-1953.71323113
2013	09	CL	2.01048019
2013	09	CM	202.8240104
2013	09	CN	7357.89741296
2013	09	CO	70.15043526
2013	09	CR	10.41547951
2013	09	CY	111.76707985
2013	09	CZ	807.85287031
2013	09	DE	8673.625361
2013	09	DK	88.15745514
2013	09	DM	-1.62038858
2013	09	DO	0.01900807
2013	09	DZ	-0.10162734
2013	09	EC	227.47134892
2013	09	EE	-70.48976637
2013	09	EG	35.20157734
2013	09	ES	4597.00896148
2013	09	ET	-0.0027
2013	09	FI	388.31198376
2013	09	FR	1529.04153992
2013	09	GB	9171.84061316
2013	09	GE	-1.5115
2013	09	GG	0.01175645
2013	09	GH	0.07078416
2013	09	GI	3.18257429
2013	09	GR	-11.96836593
2013	09	GY	-27.32744769
2013	09	HK	-153466.520317
2013	09	HR	54.07077668
2013	09	HU	-75.43714573
2013	09	ID	179.50040527
2013	09	IE	240.75081916
2013	09	IL	1954.88854794
2013	09	IM	160.43976868
2013	09	IN	254.83659488
2013	09	IR	-2.42536
2013	09	IS	0.7106
2013	09	IT	1788.52273352
2013	09	JE	-18.36017178
2013	09	JM	13.37785455
2013	09	JO	-1.30425325
2013	09	JP	60305.5197417
2013	09	KH	-30.0
2013	09	KR	285.57826499
2013	09	KY	10.04848228
2013	09	KZ	-463.69505878
2013	09	LB	3.5
2013	09	LC	93.04638117
2013	09	LI	-1.0
2013	09	LK	-4.09719572
2013	09	LT	-47.6841072
2013	09	LU	17.57108377
2013	09	LV	-48.6021294
2013	09	LY	0.37268035
2013	09	MA	0.0001
2013	09	MD	-58.97786875
2013	09	ME	64.39827767
2013	09	MK	-0.49555034
2013	09	MO	-2120.51407749
2013	09	MT	28.63183697
2013	09	MU	24.86571685
2013	09	MV	-0.961
2013	09	MX	7.71003962
2013	09	MY	-2518.81103097
2013	09	NA	0.0481924
2013	09	NC	-14.16148488
2013	09	NI	-5.38721041
2013	09	NL	5609.68755815
2013	09	NO	370.82454721
2013	09	NZ	218.24244099
2013	09	PA	-330.57346633
2013	09	PE	-0.67083367
2013	09	PF	-161.460509
2013	09	PH	329.18555385
2013	09	PK	-64.87578728
2013	09	PL	1780.62827632
2013	09	PR	4.3256831
2013	09	PT	42.56310873
2013	09	QA	-10.3729
2013	09	RE	17.74361653
2013	09	RO	449.10226574
2013	09	RS	25.43676239
2013	09	RU	10038.6399788
2013	09	SA	507.56984143
2013	09	SE	1668.16325077
2013	09	SG	-1029.14959388
2013	09	SI	-223.98594791
2013	09	SK	-370.68210929
2013	09	SY	-2.79215556
2013	09	TH	2105.82484018
2013	09	TM	-0.0045
2013	09	TN	22.08958801
2013	09	TR	-119.02866396
2013	09	TW	-301.8194124
2013	09	UA	676.29091698
2013	09	US	-2213.0137784
2013	09	UY	-7.40994114
2013	09	UZ	45.17583088
2013	09	VE	38.58675682
2013	09	VN	11.30811043
2013	09	XX	27089.7157491
2013	09	ZA	348.73409606
2013	10	AD	157.52356002
2013	10	AE	-14.36834952
2013	10	AF	67.63759645
2013	10	AM	0.0029844
2013	10	AO	0.0061038
2013	10	AR	389.50398715
2013	10	AT	-682.80601069
2013	10	AU	6942.27743156
2013	10	AW	9.50517241
2013	10	AX	0.4859
2013	10	AZ	-0.00294368
2013	10	BA	-0.88570741
2013	10	BD	0.19486063
2013	10	BE	-1001.02614987
2013	10	BG	-1016.79204106
2013	10	BH	-0.29726377
2013	10	BM	-0.92073
2013	10	BN	-49.61648855
2013	10	BO	-16.96033759
2013	10	BR	306.00743156
2013	10	BS	-262.27757734
2013	10	BY	215.01608878
2013	10	BZ	1.26306019
2013	10	CA	7476.33733834
2013	10	CH	7796.68204448
2013	10	CL	-9.44480028
2013	10	CM	3.91827776
2013	10	CN	17608.4588781
2013	10	CO	-104.1845777
2013	10	CR	48.26924028
2013	10	CY	-157.10001584
2013	10	CZ	1870.59488152
2013	10	DE	6861.64787293
2013	10	DK	134.04283075
2013	10	DZ	6.84124867
2013	10	EC	59.46288466
2013	10	EE	-8.08615707
2013	10	EG	-68.13401862
2013	10	ES	1227.49538731
2013	10	FI	826.05797647
2013	10	FR	3325.54505099
2013	10	GB	12950.0091821
2013	10	GE	0.71
2013	10	GG	-3.49554313
2013	10	GH	-10.0
2013	10	GI	5.98610648
2013	10	GR	88.36824784
2013	10	GY	5.73
2013	10	HK	-207496.348112
2013	10	HR	12.88369752
2013	10	HU	-306.40263757
2013	10	ID	40.69895833
2013	10	IE	544.88854929
2013	10	IL	-2463.21810344
2013	10	IM	512.71267166
2013	10	IN	364.97912027
2013	10	IQ	-0.9099
2013	10	IR	0.96885588
2013	10	IS	19.71005122
2013	10	IT	574.20647702
2013	10	JE	-161.5304008
2013	10	JM	10.79251207
2013	10	JO	-46.03370635
2013	10	JP	-1356.63958319
2013	10	KE	-35.69697121
2013	10	KH	-59.23951481
2013	10	KR	373.83575129
2013	10	KW	-0.95891004
2013	10	KY	-19.34295327
2013	10	KZ	908.25961456
2013	10	LB	-5.6125281
2013	10	LC	-61.17327393
2013	10	LK	1.706854
2013	10	LT	-111.47931937
2013	10	LU	-30.6462529
2013	10	LV	21.65572596
2013	10	MA	-30.1341
2013	10	MD	64.05222089
2013	10	ME	37.38558689
2013	10	MG	-10.934
2013	10	MK	-1.59929453
2013	10	MN	28.0
2013	10	MO	305.34878909
2013	10	MT	1376.477776
2013	10	MU	104.30834049
2013	10	MV	1.08552981
2013	10	MX	129.65886584
2013	10	MY	-707.90290666
2013	10	NA	-0.0490083
2013	10	NC	-137.47358026
2013	10	NI	7.96535777
2013	10	NL	14953.0357248
2013	10	NO	790.88079089
2013	10	NP	-1.86
2013	10	NZ	-113.630367
2013	10	OM	5.7913
2013	10	PA	923.97748969
2013	10	PE	14.0388704
2013	10	PF	231.55316289
2013	10	PH	-182.53545645
2013	10	PK	3.49201651
2013	10	PL	4430.393651
2013	10	PR	-4.0634862
2013	10	PT	95.48780666
2013	10	PY	0.0064922
2013	10	QA	-9.6639374
2013	10	RE	0.75800841
2013	10	RO	-166.64389119
2013	10	RS	224.83960152
2013	10	RU	163.34853955
2013	10	SA	-173.85372693
2013	10	SE	2350.74287974
2013	10	SG	1847.59509134
2013	10	SI	1030.87972921
2013	10	SK	774.9718411
2013	10	SY	0.01931695
2013	10	SZ	-3.986
2013	10	TG	-1.0
2013	10	TH	-288.58633395
2013	10	TN	8.43469908
2013	10	TR	-508.13907145
2013	10	TT	-145.49957528
2013	10	TW	-50.23944173
2013	10	UA	519.38325488
2013	10	US	34286.4931834
2013	10	UY	29.76891162
2013	10	UZ	-1.78727203
2013	10	VE	6.86371185
2013	10	VN	285.23363935
2013	10	XX	80965.6894182
2013	10	ZA	330.40741383
2013	10	ZM	-0.03714775
2013	11	AD	92.59483793
2013	11	AE	18.37971424
2013	11	AF	-0.1547
2013	11	AL	-0.03377713
2013	11	AM	0.10396687
2013	11	AR	-292.23664144
2013	11	AT	596.5757919
2013	11	AU	6465.39367919
2013	11	AW	2.27033231
2013	11	AX	0.4892144
2013	11	AZ	-0.01
2013	11	BA	8.01396828
2013	11	BB	4.96272865
2013	11	BD	-0.09905814
2013	11	BE	5243.52130641
2013	11	BG	207.74997052
2013	11	BH	-0.76138397
2013	11	BJ	-5.069
2013	11	BM	-11.73262167
2013	11	BN	30.2497
2013	11	BO	14.12758921
2013	11	BR	-996.2776225
2013	11	BS	-87.2038951
2013	11	BY	-100.0809915
2013	11	BZ	-0.00810085
2013	11	CA	323.67934444
2013	11	CH	2560.10737311
2013	11	CL	-46.36562487
2013	11	CM	-3.14718266
2013	11	CN	7523.91200653
2013	11	CO	-51.73053921
2013	11	CR	82.2240279
2013	11	CY	237.00350513
2013	11	CZ	669.19185261
2013	11	DE	3563.47268824
2013	11	DK	-99.11314462
2013	11	DM	0.19885917
2013	11	DZ	-4.47212279
2013	11	EC	-50.11640052
2013	11	EE	-40.13550528
2013	11	EG	-3.12560606
2013	11	ES	2468.5562253
2013	11	FI	-101.53654437
2013	11	FO	0.5523
2013	11	FR	2452.42698742
2013	11	GB	11156.0316447
2013	11	GE	-0.21
2013	11	GG	189.16117528
2013	11	GH	-9.1102554
2013	11	GI	7.2406174
2013	11	GR	-230.1436016
2013	11	GT	12.95997674
2013	11	GU	-1.03359439
2013	11	GY	17.28055589
2013	11	HK	-254507.4252
2013	11	HR	-88.76387702
2013	11	HU	-19.16937639
2013	11	ID	-94.43942255
2013	11	IE	510.65946304
2013	11	IL	-1406.10238784
2013	11	IM	221.65106672
2013	11	IN	273.44270428
2013	11	IQ	-8.63308576
2013	11	IR	-0.44873163
2013	11	IS	-6.62608407
2013	11	IT	1313.42082343
2013	11	JE	-10.16662233
2013	11	JM	1.33953155
2013	11	JO	31.93408273
2013	11	JP	4271.73540374
2013	11	KE	11.87467634
2013	11	KG	-2.0
2013	11	KH	38.99435695
2013	11	KR	115.08421599
2013	11	KW	-12.92796785
2013	11	KY	-7.61625042
2013	11	KZ	127.24811524
2013	11	LB	-8.0917699
2013	11	LC	16.83559786
2013	11	LI	5.56077653
2013	11	LK	23.01095875
2013	11	LT	-48.0855588
2013	11	LU	44.85875133
2013	11	LV	-61.04013986
2013	11	MA	3.06824814
2013	11	MC	1.8025
2013	11	MD	-36.81979733
2013	11	ME	-21.21902427
2013	11	MG	1.22652952
2013	11	MK	1.61157846
2013	11	MN	-12.91344689
2013	11	MO	-7.1571877
2013	11	MT	-110.05765349
2013	11	MU	162.25170114
2013	11	MV	-0.75429748
2013	11	MX	-104.05436061
2013	11	MY	-378.97404934
2013	11	NA	-0.79487905
2013	11	NC	-17.07684294
2013	11	NG	0.33416666
2013	11	NI	-1.45299999
2013	11	NL	10224.0069476
2013	11	NO	2235.01695086
2013	11	NP	-1.089846
2013	11	NZ	305.41587424
2013	11	OM	-5.74669716
2013	11	PA	86.8471729
2013	11	PE	23.62335189
2013	11	PF	110.32026987
2013	11	PH	421.81236083
2013	11	PK	85.02773598
2013	11	PL	5355.26547256
2013	11	PR	62.58659819
2013	11	PT	176.90669479
2013	11	PY	0.52891378
2013	11	QA	7.10803104
2013	11	RE	7.10162348
2013	11	RO	-228.47065699
2013	11	RS	-98.29906563
2013	11	RU	-547.76744441
2013	11	RW	-6.35047339
2013	11	SA	46.71655222
2013	11	SE	1325.58263826
2013	11	SG	-192.12839612
2013	11	SI	366.81210053
2013	11	SK	649.85804373
2013	11	SV	-0.04063189
2013	11	SZ	0.63358706
2013	11	TH	196.04047338
2013	11	TN	5.42977639
2013	11	TR	160.78785779
2013	11	TT	70.86863368
2013	11	TW	-488.76057748
2013	11	TZ	-0.4
2013	11	UA	-478.12076666
2013	11	US	-24693.1659988
2013	11	UY	48.67059887
2013	11	UZ	0.94355186
2013	11	VE	35.42930601
2013	11	VN	-147.54338429
2013	11	XX	212515.234411
2013	11	ZA	343.65014994
